{
  "hindi": {
    "loss": 0.4392296425143226,
    "accuracy": 0.8321318228630278,
    "precision": 0.8185610010427529,
    "recall": 0.8377801494130203,
    "f1": 0.8280590717299579
  },
  "tamil": {
    "loss": 0.6534656170341704,
    "accuracy": 0.7186932849364791,
    "precision": 0.601063829787234,
    "recall": 0.5854922279792746,
    "f1": 0.5931758530183727
  },
  "hinglish": {
    "loss": 0.505081224689881,
    "accuracy": 0.8062466913710958,
    "precision": 0.8138832997987927,
    "recall": 0.8171717171717172,
    "f1": 0.8155241935483871
  },
  "bengali": {
    "loss": 0.578890841375006,
    "accuracy": 0.7086666666666667,
    "precision": 0.5526544821583986,
    "recall": 0.6381909547738693,
    "f1": 0.5923507462686567
  },
  "english": {
    "loss": 0.40466654698910387,
    "accuracy": 0.8430200977729495,
    "precision": 0.8766467065868263,
    "recall": 0.8908722109533469,
    "f1": 0.8837022132796781
  },
  "marathi": {
    "loss": 0.39347226044227335,
    "accuracy": 0.8400655021834061,
    "precision": 0.7957839262187089,
    "recall": 0.8140161725067385,
    "f1": 0.8047968021319121
  },
  "average": {
    "accuracy": 0.7914706776322707,
    "precision": 0.7430988742654522,
    "recall": 0.7639205721329945,
    "f1": 0.7529348133294942
  }
}